{"diffuseColor":[92.71221395372463,72.38653677236813,51.13696517367726],"metalness":0.3,"roughness":0.23,"fresnelMin":0.15,"fresnelMax":0.39,"fresnelPow":5,"alpha":[0.3,0.8200000000000001,-54.900000000000006,-13.700000000000001],"diffuseTexture":"","normalTexture":"","name":"undefined name","paramsTexture":"","colorTextureUsage":1,"paramsMapMask":[0,0,0,0]}