{"diffuseColor":[92.71221395372463,91.50187650881195,91.50187650881195],"metalness":0.26,"roughness":0,"fresnelMin":0.1,"fresnelMax":0.63,"fresnelPow":5,"alpha":[0.39,0.8200000000000001,-41.900000000000006,-8.6],"diffuseTexture":"materials/_textures/carrera_logo_5029.png","normalTexture":"","name":"undefined name","paramsTexture":"","colorTextureUsage":1,"paramsMapMask":[0,0,0,0]}