{"diffuseColor":[112.3048818601539,108.49341549483735,112.68602849668554],"metalness":0.58,"roughness":0,"fresnelMin":0.07,"fresnelMax":0,"fresnelPow":5.01,"alpha":[0.29,0.81,-54.900000000000006,100],"diffuseTexture":"","normalTexture":"","name":"undefined name","paramsTexture":"","colorTextureUsage":1,"paramsMapMask":[0,0,0,0]}