{"diffuseColor":[87.03165327044084,87.71874126939782,87.35815580077718],"metalness":0.3,"roughness":0,"fresnelMin":0.12,"fresnelMax":0,"fresnelPow":5,"alpha":[0.7000000000000001,0.8,-31.1,-28.900000000000002],"diffuseTexture":"","normalTexture":"","name":"undefined name","paramsTexture":"","colorTextureUsage":1,"paramsMapMask":[0,0,0,0]}