{"diffuseColor":[87.71874126939782,67.06742379680354,40.65294795976435],"metalness":0.66,"roughness":0,"fresnelMin":0.15,"fresnelMax":0,"fresnelPow":6.8,"alpha":[0.24,1,-85.30000000000001,-2.8000000000000003],"diffuseTexture":"/materials/_textures/rb_verre_boyfriend.png","normalTexture":"","name":"undefined name","paramsTexture":"","colorTextureUsage":0.9,"paramsMapMask":[0,0,0,0]}