{"diffuseColor":[63.7500094748158,55.794194968997175,55.794194968997175],"metalness":0.74,"roughness":0.08,"fresnelMin":0,"fresnelMax":0.28,"fresnelPow":0,"alpha":[0.63,0.52,0,-2.8000000000000003],"diffuseTexture":"","normalTexture":"","name":"undefined name","paramsTexture":"","colorTextureUsage":1,"paramsMapMask":[0,0,0,0]}