{"diffuseColor":[47.770883600436854,35.88701136616561,11.84917889229876],"metalness":0.26,"roughness":0,"fresnelMin":0.3,"fresnelMax":0.63,"fresnelPow":5,"alpha":[0.28,0.58,-41.900000000000006,-8.6],"diffuseTexture":"materials/_textures/carrera_logo_5029.png","normalTexture":"","name":"undefined name","paramsTexture":"","colorTextureUsage":1,"paramsMapMask":[0,0,0,0]}