{"diffuseColor":[225.03924008838544,215.39757891067623,40.39544515172863],"metalness":0.25,"roughness":0,"fresnelMin":0.1,"fresnelMax":0,"fresnelPow":10,"alpha":[0.47000000000000003,0.58,-50.400000000000006,-25.700000000000003],"diffuseTexture":"","normalTexture":"","name":"undefined name","paramsTexture":"","colorTextureUsage":1,"paramsMapMask":[0,0,0,0]}