{"diffuseColor":[247.50986716785616,247.50986716785616,247.50986716785616],"metalness":0.9,"roughness":0,"fresnelMin":0.24,"fresnelMax":0.26,"fresnelPow":7.94,"alpha":[0,0,-100,-76.60000000000001],"diffuseTexture":"","normalTexture":"","name":"undefined name","paramsTexture":"","colorTextureUsage":0,"paramsMapMask":[0,0,0,0]}