{"diffuseColor":[235.02618545703908,176.3686204276515,32.98346146692626],"metalness":0.3,"roughness":0.23,"fresnelMin":0.24,"fresnelMax":0.39,"fresnelPow":5,"alpha":[1,0.63,-54.900000000000006,-13.700000000000001],"diffuseTexture":"/materials/_textures/oakley_rp_logo.png","normalTexture":"","name":"undefined name","paramsTexture":"","colorTextureUsage":1,"paramsMapMask":[0,0,0,0]}