{"diffuseColor":[170.70912062233938,128.32063197653824,197.57506413024154],"metalness":0.26,"roughness":0.23,"fresnelMin":0.19,"fresnelMax":0.3,"fresnelPow":5,"alpha":[0.92,0.6,-54.900000000000006,-13.700000000000001],"diffuseTexture":"","normalTexture":"","name":"undefined name","paramsTexture":"","colorTextureUsage":1,"paramsMapMask":[0,0,0,0]}