{"diffuseColor":[68.63856859001578,91.01680002695934,120.17631371752216],"metalness":0.36,"roughness":0.12,"fresnelMin":0.37,"fresnelMax":0.17,"fresnelPow":5,"alpha":[0.31,0.62,-54.900000000000006,-15.9],"diffuseTexture":"","normalTexture":"","name":"undefined name","paramsTexture":"","colorTextureUsage":1,"paramsMapMask":[0,0,0,0]}