{"diffuseColor":[58.86039358753388,63.00000508626303,44.799998590473116],"metalness":0.26,"roughness":0.1,"fresnelMin":0.32,"fresnelMax":0.76,"fresnelPow":5,"alpha":[0.12,0.88,-53.800000000000004,-20.200000000000003],"diffuseTexture":"/materials/_textures/rb_round_glasses.png","normalTexture":"","name":"undefined name","paramsTexture":"","colorTextureUsage":0.9,"paramsMapMask":[0,0,0,0]}