{"diffuseColor":[161.33587307400174,207.15983072916669,143.6494332772714],"metalness":0.43,"roughness":0,"fresnelMin":0.51,"fresnelMax":0.63,"fresnelPow":0,"alpha":[0.42,0.5700000000000001,-9.1,-16.400000000000002],"diffuseTexture":"materials/_textures/rb_blaze_db_glasses.png","normalTexture":"","name":"undefined name","paramsTexture":"","colorTextureUsage":1,"paramsMapMask":[0.15,0,0,0]}