{"diffuseColor":[157.9056383036321,206.32666269938153,189.79894851896546],"metalness":0.83,"roughness":0,"fresnelMin":0.73,"fresnelMax":0.83,"fresnelPow":0,"alpha":[0.42,0.5700000000000001,-9.1,-16.400000000000002],"diffuseTexture":"/materials/_textures/rb_blazeshoot_glasses.png","normalTexture":"","name":"undefined name","paramsTexture":"","colorTextureUsage":1,"paramsMapMask":[0.15,0,0,0]}