{"diffuseColor":[127.66652274401238,126.6665296481632,126.6665296481632],"metalness":0.57,"roughness":0.08,"fresnelMin":0.12,"fresnelMax":0.56,"fresnelPow":5,"alpha":[0.4,0.8300000000000001,-50.400000000000006,-25.700000000000003],"diffuseTexture":"","normalTexture":"","name":"undefined name","paramsTexture":"","colorTextureUsage":1,"paramsMapMask":[0,0,0,0]}